<JC_UnbarricadedDoors>
	<append xpath="/items">
		<item name="resourceDoorKnob">
			<property name="DescriptionKey" value="resourceBrassObjectGroupDesc"/>
			<property name="HoldType" value="45"/>
			<property name="Tags" value="junk"/>
			<property name="Meshfile" value="@:Other/Items/Misc/sackPrefab.prefab"/>
			<property name="DropMeshfile" value="@:Other/Items/Misc/sack_droppedPrefab.prefab"/>
			<property name="Material" value="MresourceScrapBrassMedium"/>
			<property name="MeltTimePerUnit" value=".4"/>
			<property name="Stacknumber" value="250"/>
			<property name="Weight" value="50"/>
			<property name="EconomicValue" value="40"/>
			<property name="Group" value="Resources"/>
		</item>
	</append>
</JC_UnbarricadedDoors>