<JC_UnbarricadedDoors>
	<!-- *** DOOR KNOB -->
	<append xpath="/recipes">
		<recipe name="resourceDoorKnob" count="1" craft_area="forge" material_based="true">
			<ingredient name="unit_brass" count="50"/>
		</recipe>
	</append>
	<!-- *** OLD_WOOD_DOORS -->
	<append xpath="/recipes">
		<recipe name="JC_oldWoodDoor_NoBarricade" count="1">
			<ingredient name="resourceWood" count="8"/>
		</recipe>
		<recipe name="JC_oldWoodDoorDouble_NoBarricade" count="1">
			<ingredient name="resourceWood" count="8"/>
		</recipe>
	</append>
	<!-- *** CELLAR_DOORS -->
	<append xpath="/recipes">
		<recipe name="JC_cellarDoorDoubleWood_NoBarricade" count="1">
			<ingredient name="resourceWood" count="8"/>
		</recipe>
		<recipe name="JC_cellarDoorDoubleIron_NoBarricade" count="1">
			<ingredient name="resourceForgedIron" count="8"/>
		</recipe>
		<recipe name="JC_cellarDoorDoubleSteel_NoBarricade" count="1" craft_area="workbench" tags="workbenchCrafting">
			<ingredient name="resourceForgedSteel" count="8"/>
			<ingredient name="resourceSpring" count="8"/>
			<ingredient name="resourceMechanicalParts" count="8"/>
		</recipe>
	</append>
	<!-- *** HATCHES -->
	<append xpath="/recipes">
		<recipe name="JC_woodHatch_NoBarricade" count="1">
			<ingredient name="resourceWood" count="6"/>
		</recipe>
	</append>
	<!-- *** HATCHES -->
	<append xpath="/recipes">
		<recipe name="JC_ironHatch_NoBarricadeBlockVariantHelper" count="1">
			<ingredient name="resourceForgedIron" count="5"/>
		</recipe>
		<recipe name="manholeHatch" count="1" craft_area="workbench">
			<ingredient name="resourceForgedIron" count="7"/>
			<ingredient name="resourceConcreteMix" count="5"/>
		</recipe>
	</append>
	<!-- *** SHUTTERS -->
	<append xpath="/recipes">
		<recipe name="JC_shuttersWood_NoBarricadeBlockVariantHelper" count="1">
			<ingredient name="resourceWood" count="8"/>
		</recipe>
		<recipe name="JC_shuttersIron_NoBarricadeBlockVariantHelper" count="1">
			<ingredient name="resourceForgedIron" count="8"/>
		</recipe>
		<recipe name="JC_shuttersSteel_NoBarricadeBlockVariantHelper" count="1" craft_area="workbench" tags="workbenchCrafting">
			<ingredient name="resourceForgedSteel" count="8"/>
			<ingredient name="resourceSpring" count="8"/>
			<ingredient name="resourceMechanicalParts" count="8"/>
		</recipe>
	</append>
	<!-- *** IRON_DOORS -->
	<append xpath="/recipes">
		<recipe name="JC_ironDoor_NoBarricadeBlockVariantHelper" count="1">
			<ingredient name="resourceForgedIron" count="8"/>
		</recipe>
	</append>
	<!-- *** IRON_GARAGE_DOOR -->
	<append xpath="/recipes">
		<recipe name="JC_ironGarageDoor_NoBarricadeBlockVariantHelper" count="1" craft_area="workbench" tags="workbenchCrafting">
			<ingredient name="resourceForgedIron" count="15"/>
			<ingredient name="resourceSpring" count="15"/>
			<ingredient name="resourceMechanicalParts" count="15"/>
		</recipe>
	</append>
	<!-- *** IRON_GARAGE_DOOR_POWERED -->
	<append xpath="/recipes">
		<recipe name="JC_ironGarageDoor_Powered_NoBarricadeBlockVariantHelper" count="1" craft_area="workbench" tags="perkAdvancedEngineering,learnable">
			<ingredient name="resourceForgedIron" count="15"/>
			<ingredient name="resourceSpring" count="15"/>
			<ingredient name="resourceMechanicalParts" count="15"/>
			<ingredient name="resourceElectricParts" count="15"/>
			<effect_group>
				<passive_effect name="CraftingIngredientCount" level="0,1,2,3,4" operation="perc_add" value=".56,.56,.56,.34,.15" tags="resourceForgedIron,resourceSpring,resourceMechanicalParts,resourceElectricParts"/>
			</effect_group>
		</recipe>
	</append>
	<!-- *** WOODEN_GARAGE_DOORS -->
	<append xpath="/recipes">
		<recipe name="JC_woodenGarageDoor3x3_BlockVariantHelper" count="1" craft_area="workbench">
			<ingredient name="resourceWood" count="20"/>
			<ingredient name="resourceSpring" count="20"/>
			<ingredient name="resourceMechanicalParts" count="20"/>
		</recipe>
	</append>
	<!-- *** STEEL_GARAGE_DOORS -->
	<append xpath="/recipes">
		<recipe name="JC_steelGarageDoor3x3_BlockVariantHelper" count="1" craft_area="workbench">
			<ingredient name="resourceForgedSteel" count="20"/>
			<ingredient name="resourceSpring" count="20"/>
			<ingredient name="resourceMechanicalParts" count="20"/>
		</recipe>
	</append>
	<!-- *** CHAIN_LINK_FENCES -->
	<append xpath="/recipes">
		<recipe name="JC_ChainLinkGate_NoBarricadeBlockVariantHelper" count="1" craft_area="forge" material_based="true">
			<ingredient name="unit_iron" count="324"/>
			<ingredient name="unit_clay" count="18"/>
		</recipe>
	</append>
	<!-- *** EXTERIOR_DOORS_OLD -->
	<append xpath="/recipes">
		<recipe name="JC_exteriorHouseDoorOld_NoBarricadeBlockVariantHelper" count="1" craft_area="workbench">
			<ingredient name="resourceDoorKnob" count="1"/>
			<ingredient name="resourceWood" count="5"/>
			<ingredient name="resourceNail" count="5"/>
		</recipe>
	</append>
	<!-- *** INTERIOR_DOORS_OLD -->
	<append xpath="/recipes">
		<recipe name="JC_interiorDoorOld_NoBarricadeBlockVariantHelper" count="1" craft_area="workbench">
			<ingredient name="resourceDoorKnob" count="1"/>
			<ingredient name="resourceWood" count="5"/>
			<ingredient name="resourceNail" count="5"/>
		</recipe>
	</append>
	<!-- *** EXTERIOR_DOORS -->
	<append xpath="/recipes">
		<recipe name="JC_exteriorHouseDoor_NoBarricadeBlockVariantHelper" count="1" craft_area="workbench">
			<ingredient name="resourceDoorKnob" count="1"/>
			<ingredient name="resourceWood" count="5"/>
			<ingredient name="resourceNail" count="5"/>
		</recipe>
	</append>
	<!-- *** INTERIOR_DOORS -->
	<append xpath="/recipes">
		<recipe name="JC_interiorHouseDoor_NoBarricadeBlockVariantHelper" count="1" craft_area="workbench">
			<ingredient name="resourceDoorKnob" count="1"/>
			<ingredient name="resourceWood" count="5"/>
			<ingredient name="resourceNail" count="5"/>
		</recipe>
	</append>
	<!-- *** EXTERIOR_DOORS_SIDE_LIGHT_SINGLE -->
	<append xpath="/recipes">
		<recipe name="JC_exteriorHouseDoorSideLightSingle_NoBarricadeBlockVariantHelper" count="1" craft_area="workbench">
			<ingredient name="resourceDoorKnob" count="1"/>
			<ingredient name="resourceWood" count="5"/>
			<ingredient name="resourceNail" count="5"/>
			<ingredient name="glassBlockVariantHelper" count="1"/>
		</recipe>
	</append>
	<!-- *** EXTERIOR_DOORS_SIDE_LIGHT -->
	<append xpath="/recipes">
		<recipe name="JC_exteriorHouseDoorSideLight_NoBarricadeBlockVariantHelper" count="1" craft_area="workbench">
			<ingredient name="resourceDoorKnob" count="1"/>
			<ingredient name="resourceWood" count="5"/>
			<ingredient name="resourceNail" count="5"/>
			<ingredient name="glassBlockVariantHelper" count="1"/>
		</recipe>
	</append>
	<!-- *** FRENCH_DOORS -->
	<append xpath="/recipes">
		<recipe name="JC_frenchDoor_NoBarricadeBlockVariantHelper" count="1" craft_area="workbench">
			<ingredient name="resourceDoorKnob" count="1"/>
			<ingredient name="resourceWood" count="5"/>
			<ingredient name="resourceNail" count="5"/>
			<ingredient name="glassBlockVariantHelper" count="2"/>
		</recipe>
	</append>
	<!-- *** PANTRY_DOORS -->
	<append xpath="/recipes">
		<recipe name="JC_pantryDoor_BlockVariantHelper" count="1" craft_area="workbench">
			<ingredient name="resourceDoorKnob" count="1"/>
			<ingredient name="resourceWood" count="2"/>
			<ingredient name="resourceNail" count="2"/>
		</recipe>
	</append>
	<!-- *** CLOSET_DOORS -->
	<append xpath="/recipes">
		<recipe name="JC_closetDoor_BlockVariantHelper" count="1" craft_area="workbench">
			<ingredient name="resourceDoorKnob" count="1"/>
			<ingredient name="resourceWood" count="2"/>
			<ingredient name="resourceNail" count="2"/>
		</recipe>
	</append>
	<!-- *** TALL_CABINET_DOOR -->
	<append xpath="/recipes">
		<recipe name="JC_tallCabinetDoor_BlockVariantHelper" count="1" craft_area="workbench">
			<ingredient name="resourceDoorKnob" count="1"/>
			<ingredient name="resourceWood" count="2"/>
			<ingredient name="resourceNail" count="2"/>
		</recipe>
	</append>
	<!-- *** ARMOIRES -->
	<append xpath="/recipes">
		<recipe name="JC_cntArmoireDoors_BlockVariantHelper" count="1" craft_area="workbench">
			<ingredient name="resourceDoorKnob" count="1"/>
			<ingredient name="resourceWood" count="2"/>
			<ingredient name="resourceNail" count="2"/>
		</recipe>
	</append>
	<!-- *** COMMERCIAL_DOORS_V1 -->
	<append xpath="/recipes">
		<recipe name="JC_commercialDoorV1_NoBarricadeBlockVariantHelper" count="1" craft_area="workbench">
			<ingredient name="resourceDoorKnob" count="1"/>
			<ingredient name="resourceForgedIron" count="5"/>
		</recipe>
	</append>
	<!-- *** COMMERCIAL_DOORS_V2 -->
	<append xpath="/recipes">
		<recipe name="JC_commercialDoorV2_NoBarricadeBlockVariantHelper" count="1" craft_area="workbench">
			<ingredient name="resourceDoorKnob" count="1"/>
			<ingredient name="resourceForgedIron" count="5"/>
		</recipe>
	</append>
	<!-- *** COMMERCIAL_DOORS_V3 -->
	<append xpath="/recipes">
		<recipe name="JC_commercialDoorV3_NoBarricadeBlockVariantHelper" count="1" craft_area="workbench">
			<ingredient name="resourceDoorKnob" count="1"/>
			<ingredient name="resourceForgedIron" count="5"/>
		</recipe>
	</append>
	<!-- *** COMMERCIAL_DOORS_V4 -->
	<append xpath="/recipes">
		<recipe name="JC_commercialDoorV4_NoBarricadeBlockVariantHelper" count="1" craft_area="workbench">
			<ingredient name="resourceDoorKnob" count="1"/>
			<ingredient name="resourceForgedIron" count="5"/>
		</recipe>
	</append>
	<!-- *** TRAILER_DOORS -->
	<append xpath="/recipes">
		<recipe name="JC_trailerDoor_BlockVariantHelper" count="1" craft_area="workbench">
			<ingredient name="glassBlockVariantHelper" count="1"/>
			<ingredient name="resourceMechanicalParts" count="2"/>
			<ingredient name="resourceForgedIron" count="2"/>
		</recipe>
	</append>
	<!-- *** JAILBARS -->
	<append xpath="/recipes">
		<recipe name="JC_jailDoor_BlockVariantHelper" count="1" craft_area="workbench">
			<ingredient name="ironBars" count="4"/>
			<ingredient name="resourceMechanicalParts" count="5"/>
			<ingredient name="resourceSpring" count="5"/>
		</recipe>
	</append>
	<!-- *** WOODEN_FENCE_DOORS -->
	<append xpath="/recipes">
		<recipe name="JC_woodenFenceDoor_BlockVariantHelper" count="1" craft_area="workbench">
			<ingredient name="resourceWood" count="2"/>
			<ingredient name="resourceNail" count="2"/>
		</recipe>
	</append>
	<!-- *** ROLL_UP_SECURITY_GATES -->
	<append xpath="/recipes">
		<recipe name="JC_rollUpGate3x3_BlockVariantHelper" count="1" craft_area="workbench">
			<ingredient name="resourceForgedIron" count="20"/>
			<ingredient name="resourceMechanicalParts" count="20"/>
			<ingredient name="resourceSpring" count="20"/>
		</recipe>
	</append>
	<!-- *** COMMERCIAL_GLASS_DOORS -->
	<append xpath="/recipes">
		<recipe name="JC_commercialGlassDoor_NoBarricadeBlockVariantHelper" count="1" craft_area="workbench">
			<ingredient name="glassBlockVariantHelper" count="4"/>
			<ingredient name="resourceForgedIron" count="2"/>
		</recipe>
	</append>
	<!-- *** HOUSE_SLIDING_DOORS -->
	<append xpath="/recipes">
		<recipe name="JC_houseSlidingDoor_NoBarricadeBlockVariantHelper" count="1" craft_area="workbench">
			<ingredient name="glassBlockVariantHelper" count="4"/>
			<ingredient name="resourceForgedIron" count="2"/>
		</recipe>
	</append>
	<!-- *** COMMERCIAL_GLASS_DOORS_BULLETPROOF -->
	<append xpath="/recipes">
		<recipe name="JC_commercialBulletproofGlassDoor_NoBarricadeBlockVariantHelper" count="1" craft_area="workbench">
			<ingredient name="glassBulletproofBlockVariantHelper" count="4"/>
			<ingredient name="resourceForgedIron" count="2"/>
		</recipe>
	</append>
	<!-- *** ELEVATOR_DOORS -->
	<append xpath="/recipes">
		<recipe name="JC_elevatorDoor_BlockVariantHelper" count="1" tags="workbenchCrafting,learnable" craft_area="workbench">
			<ingredient name="resourceForgedIron" count="20"/>
			<ingredient name="resourceElectricParts" count="20"/>
			<ingredient name="resourceMechanicalParts" count="20"/>
			<ingredient name="resourceSpring" count="10"/>
		</recipe>
	</append>
	<!-- *** EXTERIOR SCREEN DOORS -->
	<append xpath="/recipes">
		<recipe name="exteriorScreenDoor" count="1" craft_area="workbench">
			<ingredient name="resourceDoorKnob" count="1"/>
			<ingredient name="resourceForgedIron" count="5"/>
			<ingredient name="glassBlockVariantHelper" count="1"/>
		</recipe>
		<recipe name="exteriorScreenDoornNoFrame" count="1" craft_area="workbench">
			<ingredient name="resourceDoorKnob" count="1"/>
			<ingredient name="resourceForgedIron" count="5"/>
			<ingredient name="glassBlockVariantHelper" count="1"/>
		</recipe>
	</append>
	<!-- *** LOG WALL GATE -->
	<append xpath="/recipes">
		<recipe name="doorWoodLargeGate" count="1" craft_area="workbench">
			<ingredient name="resourceWood" count="150"/>
			<ingredient name="resourceNail" count="60"/>
		</recipe>
	</append>
</JC_UnbarricadedDoors>
